{
  "version": 1,
  "author": "Ana Luiza",
  "editor": "wokwi",
  "parts": [
    {
      "type": "board-esp32-devkit-c-v4",
      "id": "esp",
      "top": 0,
      "left": 0,
      "attrs": { "env": "micropython-20231227-v1.22.0" }
    },
    {
      "type": "wokwi-led",
      "id": "led1",
      "top": -70.8,
      "left": 167,
      "attrs": { "color": "red", "flip": "" }
    },
    {
      "type": "wokwi-dht22",
      "id": "dht1",
      "top": -95.7,
      "left": -111,
      "attrs": { "temperature": "21.6", "humidity": "82.5" }
    }
  ],
  "connections": [
    [ "esp:TX", "$serialMonitor:RX", "", [] ],
    [ "esp:RX", "$serialMonitor:TX", "", [] ],
    [ "dht1:VCC", "esp:5V", "red", [ "v0" ] ],
    [ "dht1:SDA", "esp:13", "green", [ "v0" ] ],
    [ "dht1:GND", "esp:GND.1", "black", [ "v0" ] ],
    [ "led1:C", "esp:GND.2", "green", [ "v0" ] ],
    [ "led1:A", "esp:21", "green", [ "v0" ] ]
  ],
  "dependencies": {}
}